cu_num,token,model_dim,inter_dim,expert,topk,act_type,dtype,q_dtype_a,q_dtype_w,q_type,use_g1u1,doweight_stage1,q_dtype_a2,q_dtype_w2,q_type2,block_m,block_m2,ksplit,us1,kernelName1,err1,us2,kernelName2,err2,us,run_1stage,tflops,bw,active_expert,_tag
256,4096,3584,640,384,8,ActivationType.Silu,torch.bfloat16,torch.float8_e4m3fn,torch.float8_e4m3fn,QuantType.per_Token,1,0,torch.float8_e4m3fn,torch.float8_e4m3fn,QuantType.per_Token,128,128,0,351.9107,flydsl_moe1_afp8_wfp8_bf16_t128x128x128_w1_bp2_xp2,0.0%,262.9931,flydsl_moe2_afp8_wfp8_bf16_t128x128x128_atomic_async_w4_bp4_xp4,0.5%,614.9038,0,733.4,4368.9,384,
256,16384,3584,640,384,8,ActivationType.Silu,torch.bfloat16,torch.float8_e4m3fn,torch.float8_e4m3fn,QuantType.per_Token,1,0,torch.float8_e4m3fn,torch.float8_e4m3fn,QuantType.per_Token,64,128,0,890.9955,flydsl_moe1_afp8_wfp8_bf16_t64x128x128_bnt0_xp3_skmfocus_skw512,0.0%,817.5747,flydsl_moe2_afp8_wfp8_bf16_t128x128x128_atomic_async_w2_bnt0,0.5%,1708.5702,0,1055.79,1649.67,384,
256,1,3584,640,384,8,ActivationType.Silu,torch.bfloat16,torch.float8_e4m3fn,torch.float8_e4m3fn,QuantType.per_Token,1,0,torch.float8_e4m3fn,torch.float8_e4m3fn,QuantType.per_Token,32,32,0,12.684,flydsl_moe1_afp8_wfp8_bf16_t32x64x128_w2_rgx_bp3_xp3,0.0%,9.1145,flydsl_moe2_afp8_wfp8_bf16_t32x128x128_atomic_w3_roff_bp3_xp3,0.5%,21.7985,0,5.05,2525.91,8,
256,2,3584,640,384,8,ActivationType.Silu,torch.bfloat16,torch.float8_e4m3fn,torch.float8_e4m3fn,QuantType.per_Token,1,0,torch.float8_e4m3fn,torch.float8_e4m3fn,QuantType.per_Token,32,32,0,15.2026,flydsl_moe1_afp8_wfp8_bf16_t32x64x128_bp4_xp4,0.0%,13.324,flydsl_moe2_afp8_wfp8_bf16_t32x256x128_atomic_w4_roff_bp2_xp2,0.5%,28.5266,0,7.72,3860.33,16,
256,4,3584,640,384,8,ActivationType.Silu,torch.bfloat16,torch.float8_e4m3fn,torch.float8_e4m3fn,QuantType.per_Token,1,0,torch.float8_e4m3fn,torch.float8_e4m3fn,QuantType.per_Token,32,32,0,25.8875,flydsl_moe1_afp8_wfp8_bf16_t32x128x128_w4_mfma16k32_bp3_xp3,0.0%,18.8902,flydsl_moe2_afp8_wfp8_bf16_t32x256x64_atomic_roff_xp3,0.5%,44.7777,0,9.84,4764.93,31,
256,8,3584,640,384,8,ActivationType.Silu,torch.bfloat16,torch.float8_e4m3fn,torch.float8_e4m3fn,QuantType.per_Token,1,0,torch.float8_e4m3fn,torch.float8_e4m3fn,QuantType.per_Token,32,32,0,45.4787,flydsl_moe1_afp8_wfp8_bf16_t32x64x128_w4_mfma16k32_bp2,0.0%,27.923,flydsl_moe2_afp8_wfp8_bf16_t32x128x128_atomic_w2_roff_xp5,0.5%,73.4017,0,12.0,5438.57,58,
256,16,3584,640,384,8,ActivationType.Silu,torch.bfloat16,torch.float8_e4m3fn,torch.float8_e4m3fn,QuantType.per_Token,1,0,torch.float8_e4m3fn,torch.float8_e4m3fn,QuantType.per_Token,32,32,0,79.8791,flydsl_moe1_afp8_wfp8_bf16_t32x64x128_bp4_xp4,0.0%,45.5671,flydsl_moe2_afp8_wfp8_bf16_t32x128x128_atomic_w2_roff_bp2_xp2,0.5%,125.4462,0,14.04,6199.92,113,
256,32,3584,640,384,8,ActivationType.Silu,torch.bfloat16,torch.float8_e4m3fn,torch.float8_e4m3fn,QuantType.per_Token,1,0,torch.float8_e4m3fn,torch.float8_e4m3fn,QuantType.per_Token,32,32,0,128.1247,flydsl_moe1_afp8_wfp8_bf16_t32x64x128_xp5,0.0%,68.3838,flydsl_moe2_afp8_wfp8_bf16_t32x128x128_atomic_w4_roff_bp3_xp3,0.5%,196.5085,0,17.93,6515.05,186,
256,64,3584,640,384,8,ActivationType.Silu,torch.bfloat16,torch.float8_e4m3fn,torch.float8_e4m3fn,QuantType.per_Token,1,0,torch.float8_e4m3fn,torch.float8_e4m3fn,QuantType.per_Token,32,32,0,193.8769,flydsl_moe1_afp8_wfp8_bf16_t32x64x128_w4_bp5_xp5,0.0%,102.1884,flydsl_moe2_afp8_wfp8_bf16_t32x128x128_atomic_w3_mfma16k32_roff_bp4_xp4,0.5%,296.0653,0,23.8,6603.18,284,
256,128,3584,640,384,8,ActivationType.Silu,torch.bfloat16,torch.float8_e4m3fn,torch.float8_e4m3fn,QuantType.per_Token,1,0,torch.float8_e4m3fn,torch.float8_e4m3fn,QuantType.per_Token,32,32,0,246.1104,flydsl_moe1_afp8_wfp8_bf16_t32x64x256_bp5_xp5,0.0%,127.8984,flydsl_moe2_afp8_wfp8_bf16_t32x128x128_atomic_roff_bp2_xp2,0.5%,374.0088,0,37.68,6627.22,360,
256,256,3584,640,384,8,ActivationType.Silu,torch.bfloat16,torch.float8_e4m3fn,torch.float8_e4m3fn,QuantType.per_Token,1,0,torch.float8_e4m3fn,torch.float8_e4m3fn,QuantType.per_Token,32,32,0,262.7837,flydsl_moe1_afp8_wfp8_bf16_t32x64x256_w1_mfma16k32_bp3_xp3,0.0%,137.8981,flydsl_moe2_afp8_wfp8_bf16_t32x256x128_atomic_w3_mfma16k32_roff_bp3_xp3,0.5%,400.6818,0,70.34,6567.31,382,
256,512,3584,640,384,8,ActivationType.Silu,torch.bfloat16,torch.float8_e4m3fn,torch.float8_e4m3fn,QuantType.per_Token,1,0,torch.float8_e4m3fn,torch.float8_e4m3fn,QuantType.per_Token,32,32,0,266.1965,flydsl_moe1_afp8_wfp8_bf16_t32x128x128_bp4_xp4,0.0%,141.6669,flydsl_moe2_afp8_wfp8_bf16_t32x256x128_atomic_roff_bp2_xp2,0.5%,407.8634,0,138.21,6492.17,384,
256,1024,3584,640,384,8,ActivationType.Silu,torch.bfloat16,torch.float8_e4m3fn,torch.float8_e4m3fn,QuantType.per_Token,1,0,torch.float8_e4m3fn,torch.float8_e4m3fn,QuantType.per_Token,32,32,0,271.3981,flydsl_moe1_afp8_wfp8_bf16_t32x128x128_w4_bp3_xp3,0.0%,152.4713,flydsl_moe2_afp8_wfp8_bf16_t32x128x64_atomic_bp3_xp3,0.5%,423.8694,0,265.98,6260.0,384,
256,2048,3584,640,384,8,ActivationType.Silu,torch.bfloat16,torch.float8_e4m3fn,torch.float8_e4m3fn,QuantType.per_Token,1,0,torch.float8_e4m3fn,torch.float8_e4m3fn,QuantType.per_Token,64,64,0,281.2973,flydsl_moe1_afp8_wfp8_bf16_t64x64x128_bp2_xp2,0.0%,178.1357,flydsl_moe2_afp8_wfp8_bf16_t64x256x128_atomic_w3_bp2_xp2,0.5%,459.433,0,490.79,5799.39,384,
256,8192,3584,640,384,8,ActivationType.Silu,torch.bfloat16,torch.float8_e4m3fn,torch.float8_e4m3fn,QuantType.per_Token,1,0,torch.float8_e4m3fn,torch.float8_e4m3fn,QuantType.per_Token,64,64,0,543.4451,flydsl_moe1_afp8_wfp8_bf16_t64x128x128_w2_bnt0_bp3_skmfocus_skw512,0.0%,466.0183,flydsl_moe2_afp8_wfp8_bf16_t64x128x128_atomic_bnt0_xp3,0.5%,1009.4634,0,893.49,2704.89,384,
256,8192,3584,640,384,8,ActivationType.Silu,torch.bfloat16,torch.float8_e4m3fn,torch.float8_e4m3fn,QuantType.per_Token,1,0,torch.float8_e4m3fn,torch.float8_e4m3fn,QuantType.per_Token,128,128,0,649.3535,_ZN5aiter45fmoe_stage1_bf16_pertokenFp8_g1u1_128x128_pf3E,0.0,844.3867,moe_ck2stages_gemm2_256x128x128x128_1x4_TypeCast_v1_Nswizzle0_Quant2_MulRoutedWeight1_F8_F8_B16,0.0054,1493.7402,0,0.0,0.0,384,flydsl_fallback
256,2048,3584,640,384,8,ActivationType.Silu,torch.bfloat16,torch.float8_e4m3fn,torch.float8_e4m3fn,QuantType.per_Token,1,0,torch.float8_e4m3fn,torch.float8_e4m3fn,QuantType.per_Token,64,128,0,329.5419,moe_ck2stages_gemm1_256x64x64x256_1x4_TypeCast_v1_Nswizzle0_Quant2_MulRoutedWeight0_silu_F8_F8_B16,0.0,369.9553,moe_ck2stages_gemm2_256x128x128x128_1x4_TypeCast_v3_Nswizzle0_Quant2_MulRoutedWeight1_F8_F8_B16,0.0054,699.4972,0,0.0,0.0,384,flydsl_fallback
256,1024,3584,640,384,8,ActivationType.Silu,torch.bfloat16,torch.float8_e4m3fn,torch.float8_e4m3fn,QuantType.per_Token,1,0,torch.float8_e4m3fn,torch.float8_e4m3fn,QuantType.per_Token,64,128,0,314.2642,moe_ck2stages_gemm1_256x64x64x256_1x4_TypeCast_v1_Nswizzle0_Quant2_MulRoutedWeight0_silu_F8_F8_B16,0.0,295.8418,moe_ck2stages_gemm2_256x128x128x128_1x4_TypeCast_v3_Nswizzle0_Quant2_MulRoutedWeight1_F8_F8_B16,0.0055,610.106,0,0.0,0.0,384,flydsl_fallback
256,512,3584,640,384,8,ActivationType.Silu,torch.bfloat16,torch.float8_e4m3fn,torch.float8_e4m3fn,QuantType.per_Token,1,0,torch.float8_e4m3fn,torch.float8_e4m3fn,QuantType.per_Token,16,128,0,297.0821,_ZN5aiter48fmoe_stage1_bf16_pertokenFp8_g1u1_16x128_4tg_pf3E,0.0,285.7327,moe_ck2stages_gemm2_256x128x128x128_1x4_TypeCast_v3_Nswizzle0_Quant2_MulRoutedWeight1_F8_F8_B16,0.0054,582.8148,0,0.0,0.0,384,flydsl_fallback
256,256,3584,640,384,8,ActivationType.Silu,torch.bfloat16,torch.float8_e4m3fn,torch.float8_e4m3fn,QuantType.per_Token,1,0,torch.float8_e4m3fn,torch.float8_e4m3fn,QuantType.per_Token,16,128,0,289.8303,_ZN5aiter47fmoe_stage1_bf16_pertokenFp8_g1u1_16x64_5tg_pf3E,0.0,280.4333,moe_ck2stages_gemm2_256x128x128x128_1x4_TypeCast_v3_Nswizzle0_Quant2_MulRoutedWeight1_F8_F8_B16,0.0054,570.2636,0,0.0,0.0,382,flydsl_fallback
256,128,3584,640,384,8,ActivationType.Silu,torch.bfloat16,torch.float8_e4m3fn,torch.float8_e4m3fn,QuantType.per_Token,1,0,torch.float8_e4m3fn,torch.float8_e4m3fn,QuantType.per_Token,32,128,0,276.8385,_ZN5aiter47fmoe_stage1_bf16_pertokenFp8_g1u1_32x64_4tg_pf3E,0.0,260.2847,moe_ck2stages_gemm2_256x128x128x128_1x4_TypeCast_v1_Nswizzle0_Quant2_MulRoutedWeight1_F8_F8_B16,0.005,537.1232,0,0.0,0.0,360,flydsl_fallback
256,64,3584,640,384,8,ActivationType.Silu,torch.bfloat16,torch.float8_e4m3fn,torch.float8_e4m3fn,QuantType.per_Token,1,0,torch.float8_e4m3fn,torch.float8_e4m3fn,QuantType.per_Token,16,128,0,219.4647,_ZN5aiter48fmoe_stage1_bf16_pertokenFp8_g1u1_16x128_4tg_pf3E,0.0,204.9546,moe_ck2stages_gemm2_256x128x128x128_1x4_TypeCast_v3_Nswizzle0_Quant2_MulRoutedWeight1_F8_F8_B16,0.0049,424.4193,0,0.0,0.0,284,flydsl_fallback
256,32,3584,640,384,8,ActivationType.Silu,torch.bfloat16,torch.float8_e4m3fn,torch.float8_e4m3fn,QuantType.per_Token,1,0,torch.float8_e4m3fn,torch.float8_e4m3fn,QuantType.per_Token,32,128,0,145.8299,_ZN5aiter48fmoe_stage1_bf16_pertokenFp8_g1u1_32x128_3tg_pf3E,0.0,142.1272,moe_ck2stages_gemm2_256x128x128x128_1x4_TypeCast_v3_Nswizzle0_Quant2_MulRoutedWeight1_F8_F8_B16,0.0048,287.9571,0,0.0,0.0,186,flydsl_fallback
256,16,3584,640,384,8,ActivationType.Silu,torch.bfloat16,torch.float8_e4m3fn,torch.float8_e4m3fn,QuantType.per_Token,1,0,torch.float8_e4m3fn,torch.float8_e4m3fn,QuantType.per_Token,16,128,0,90.6046,_ZN5aiter47fmoe_stage1_bf16_pertokenFp8_g1u1_16x64_5tg_pf3E,0.0,92.3044,moe_ck2stages_gemm2_256x128x128x128_1x4_TypeCast_v3_Nswizzle0_Quant2_MulRoutedWeight1_F8_F8_B16,0.0047,182.909,0,0.0,0.0,113,flydsl_fallback
256,8,3584,640,384,8,ActivationType.Silu,torch.bfloat16,torch.float8_e4m3fn,torch.float8_e4m3fn,QuantType.per_Token,1,0,torch.float8_e4m3fn,torch.float8_e4m3fn,QuantType.per_Token,16,128,0,51.1086,_ZN5aiter47fmoe_stage1_bf16_pertokenFp8_g1u1_16x64_5tg_pf3E,0.0,54.7529,moe_ck2stages_gemm2_256x128x128x128_1x4_TypeCast_v3_Nswizzle0_Quant2_MulRoutedWeight1_F8_F8_B16,0.0047,105.8615,0,0.0,0.0,58,flydsl_fallback
256,4,3584,640,384,8,ActivationType.Silu,torch.bfloat16,torch.float8_e4m3fn,torch.float8_e4m3fn,QuantType.per_Token,1,0,torch.float8_e4m3fn,torch.float8_e4m3fn,QuantType.per_Token,16,128,0,27.278,_ZN5aiter47fmoe_stage1_bf16_pertokenFp8_g1u1_16x64_5tg_pf3E,0.0,31.5779,moe_ck2stages_gemm2_256x128x128x128_1x4_TypeCast_v3_Nswizzle0_Quant2_MulRoutedWeight1_F8_F8_B16,0.004,58.8559,0,0.0,0.0,31,flydsl_fallback
256,2,3584,640,384,8,ActivationType.Silu,torch.bfloat16,torch.float8_e4m3fn,torch.float8_e4m3fn,QuantType.per_Token,1,0,torch.float8_e4m3fn,torch.float8_e4m3fn,QuantType.per_Token,32,128,0,17.8429,moe_ck2stages_gemm1_256x32x64x256_1x4_TypeCast_v1_Nswizzle0_Quant2_MulRoutedWeight0_silu_F8_F8_B16,0.0,19.4136,moe_ck2stages_gemm2_256x128x128x128_1x4_TypeCast_v1_Nswizzle0_Quant2_MulRoutedWeight1_F8_F8_B16,0.0061,37.2565,0,0.0,0.0,16,flydsl_fallback
256,1,3584,640,384,8,ActivationType.Silu,torch.bfloat16,torch.float8_e4m3fn,torch.float8_e4m3fn,QuantType.per_Token,1,0,torch.float8_e4m3fn,torch.float8_e4m3fn,QuantType.per_Token,32,128,0,16.2384,moe_ck2stages_gemm1_256x32x64x256_1x4_TypeCast_v1_Nswizzle0_Quant2_MulRoutedWeight0_silu_F8_F8_B16,0.0,16.2897,moe_ck2stages_gemm2_256x128x128x128_1x4_TypeCast_v3_Nswizzle0_Quant2_MulRoutedWeight1_F8_F8_B16,0.0036,32.5281,0,0.0,0.0,8,flydsl_fallback
256,16384,3584,640,384,8,ActivationType.Silu,torch.bfloat16,torch.float8_e4m3fn,torch.float8_e4m3fn,QuantType.per_Token,1,0,torch.float8_e4m3fn,torch.float8_e4m3fn,QuantType.per_Token,128,128,0,1078.388,_ZN5aiter45fmoe_stage1_bf16_pertokenFp8_g1u1_128x128_pf3E,0.0,1605.2145,moe_ck2stages_gemm2_256x128x128x128_1x4_TypeCast_v1_Nswizzle0_Quant2_MulRoutedWeight1_F8_F8_B16,0.0054,2683.6025,0,0.0,0.0,384,flydsl_fallback
256,4096,3584,640,384,8,ActivationType.Silu,torch.bfloat16,torch.float8_e4m3fn,torch.float8_e4m3fn,QuantType.per_Token,1,0,torch.float8_e4m3fn,torch.float8_e4m3fn,QuantType.per_Token,128,128,0,368.9483,_ZN5aiter45fmoe_stage1_bf16_pertokenFp8_g1u1_128x128_pf3E,0.0,521.6811,moe_ck2stages_gemm2_256x128x128x128_1x4_TypeCast_v1_Nswizzle0_Quant2_MulRoutedWeight1_F8_F8_B16,0.0054,890.6294,0,0.0,0.0,384,flydsl_fallback
